-- MySQL dump 10.13  Distrib 9.5.0, for macos15.7 (arm64)
--
-- Host: localhost    Database: campus_parking
-- ------------------------------------------------------
-- Server version	9.5.0

/*!40101 SET @OLD_CHARACTER_SET_CLIENT=@@CHARACTER_SET_CLIENT */;
/*!40101 SET @OLD_CHARACTER_SET_RESULTS=@@CHARACTER_SET_RESULTS */;
/*!40101 SET @OLD_COLLATION_CONNECTION=@@COLLATION_CONNECTION */;
/*!50503 SET NAMES utf8mb4 */;
/*!40103 SET @OLD_TIME_ZONE=@@TIME_ZONE */;
/*!40103 SET TIME_ZONE='+00:00' */;
/*!40014 SET @OLD_UNIQUE_CHECKS=@@UNIQUE_CHECKS, UNIQUE_CHECKS=0 */;
/*!40014 SET @OLD_FOREIGN_KEY_CHECKS=@@FOREIGN_KEY_CHECKS, FOREIGN_KEY_CHECKS=0 */;
/*!40101 SET @OLD_SQL_MODE=@@SQL_MODE, SQL_MODE='NO_AUTO_VALUE_ON_ZERO' */;
/*!40111 SET @OLD_SQL_NOTES=@@SQL_NOTES, SQL_NOTES=0 */;
SET @MYSQLDUMP_TEMP_LOG_BIN = @@SESSION.SQL_LOG_BIN;
SET @@SESSION.SQL_LOG_BIN= 0;

--
-- GTID state at the beginning of the backup 
--

SET @@GLOBAL.GTID_PURGED=/*!80000 '+'*/ '4a8782ba-dffb-11f0-8ea7-1cdbf94e9a18:1-879';

--
-- Table structure for table `car`
--

DROP TABLE IF EXISTS `car`;
/*!40101 SET @saved_cs_client     = @@character_set_client */;
/*!50503 SET character_set_client = utf8mb4 */;
CREATE TABLE `car` (
  `car_id` int NOT NULL AUTO_INCREMENT,
  `user_id` int NOT NULL,
  `plate_number` varchar(20) COLLATE utf8mb4_unicode_ci NOT NULL COMMENT '车牌号',
  `nickname` varchar(20) COLLATE utf8mb4_unicode_ci DEFAULT NULL COMMENT '车辆备注',
  `created_at` datetime DEFAULT NULL,
  PRIMARY KEY (`car_id`),
  UNIQUE KEY `plate_number` (`plate_number`),
  KEY `user_id` (`user_id`),
  CONSTRAINT `car_ibfk_1` FOREIGN KEY (`user_id`) REFERENCES `sys_user` (`user_id`) ON DELETE CASCADE
) ENGINE=InnoDB AUTO_INCREMENT=11 DEFAULT CHARSET=utf8mb4 COLLATE=utf8mb4_unicode_ci;
/*!40101 SET character_set_client = @saved_cs_client */;

--
-- Dumping data for table `car`
--

LOCK TABLES `car` WRITE;
/*!40000 ALTER TABLE `car` DISABLE KEYS */;
INSERT INTO `car` VALUES (1,2,'京A88888',NULL,'2026-01-22 16:08:17'),(2,3,'京B12345',NULL,'2026-01-22 16:08:17'),(5,2,'赣B9999','','2026-01-25 14:31:46'),(9,2,'豫J09876','','2026-01-25 19:38:33'),(10,9,'京A66666','我的测试车','2026-01-26 12:57:08');
/*!40000 ALTER TABLE `car` ENABLE KEYS */;
UNLOCK TABLES;

--
-- Table structure for table `parking_order`
--

DROP TABLE IF EXISTS `parking_order`;
/*!40101 SET @saved_cs_client     = @@character_set_client */;
/*!50503 SET character_set_client = utf8mb4 */;
CREATE TABLE `parking_order` (
  `order_id` int NOT NULL AUTO_INCREMENT,
  `order_no` varchar(50) COLLATE utf8mb4_unicode_ci NOT NULL COMMENT '唯一业务单号',
  `user_id` int NOT NULL,
  `spot_id` int NOT NULL,
  `plate_number` varchar(20) COLLATE utf8mb4_unicode_ci NOT NULL COMMENT '车牌号',
  `status` int DEFAULT NULL COMMENT '订单状态',
  `reserve_time` datetime DEFAULT NULL COMMENT '预约时间',
  `in_time` datetime DEFAULT NULL COMMENT '入场时间',
  `out_time` datetime DEFAULT NULL COMMENT '出场时间',
  `pay_time` datetime DEFAULT NULL COMMENT '支付时间',
  `total_fee` decimal(10,2) DEFAULT NULL COMMENT '总费用',
  `pay_way` int DEFAULT NULL COMMENT '0-余额, 1-微信, 2-支付宝',
  `created_at` datetime DEFAULT NULL,
  `updated_at` datetime DEFAULT NULL,
  `trade_no` varchar(64) COLLATE utf8mb4_unicode_ci DEFAULT NULL,
  PRIMARY KEY (`order_id`),
  UNIQUE KEY `order_no` (`order_no`),
  KEY `user_id` (`user_id`),
  KEY `spot_id` (`spot_id`),
  CONSTRAINT `parking_order_ibfk_1` FOREIGN KEY (`user_id`) REFERENCES `sys_user` (`user_id`),
  CONSTRAINT `parking_order_ibfk_2` FOREIGN KEY (`spot_id`) REFERENCES `parking_spot` (`spot_id`)
) ENGINE=InnoDB AUTO_INCREMENT=99 DEFAULT CHARSET=utf8mb4 COLLATE=utf8mb4_unicode_ci;
/*!40101 SET character_set_client = @saved_cs_client */;

--
-- Dumping data for table `parking_order`
--

LOCK TABLES `parking_order` WRITE;
/*!40000 ALTER TABLE `parking_order` DISABLE KEYS */;
INSERT INTO `parking_order` VALUES (1,'ORD-202601230038480F3ADB',2,1,'京A88888',3,'2026-01-22 16:38:48','2026-01-22 16:51:23','2026-01-22 16:51:40','2026-01-22 16:58:23',0.00,0,'2026-01-22 16:38:48','2026-01-22 16:58:23',NULL),(2,'ORD-20260123004216525FDE',2,1,'京A88888',4,'2026-01-22 16:42:16',NULL,NULL,NULL,0.00,NULL,'2026-01-22 16:42:16','2026-01-22 16:58:42',NULL),(3,'ORD-20260123004344E9A890',2,1,'京A88888',4,'2026-01-22 16:43:44',NULL,NULL,NULL,0.00,NULL,'2026-01-22 16:43:44','2026-01-22 16:58:37',NULL),(4,'ORD-20260123004415205539',2,2,'京A88888',4,'2026-01-22 16:44:16',NULL,NULL,NULL,0.00,NULL,'2026-01-22 16:44:16','2026-01-22 16:58:26',NULL),(5,'ORD-202601230058283F88DC',2,2,'京A88888',4,'2026-01-22 16:58:28',NULL,NULL,NULL,0.00,NULL,'2026-01-22 16:58:28','2026-01-22 16:58:34',NULL),(6,'ORD-20260123005849454873',2,3,'京A88888',4,'2026-01-22 16:58:50',NULL,NULL,NULL,0.00,NULL,'2026-01-22 16:58:50','2026-01-22 16:58:52',NULL),(7,'ORD-20260123010337DB64E7',2,2,'京A88888',3,'2026-01-22 17:03:38','2026-01-22 17:06:56','2026-01-22 17:07:48','2026-01-22 17:07:50',0.00,0,'2026-01-22 17:03:38','2026-01-22 17:07:50',NULL),(8,'ORD-20260123010754DD88B1',2,2,'京A88888',3,'2026-01-22 17:07:55','2026-01-22 17:08:04','2026-01-22 17:08:09','2026-01-22 17:09:30',0.00,0,'2026-01-22 17:07:55','2026-01-22 17:09:30',NULL),(9,'ORD-202601230110044007E1',2,4,'京A88888',3,'2026-01-22 17:10:04','2026-01-22 17:10:06','2026-01-22 17:10:10','2026-01-22 17:10:12',0.00,0,'2026-01-22 17:10:04','2026-01-22 17:10:12',NULL),(10,'ORD-202601252204240EC4F3',2,4,'京A88888',3,'2026-01-25 14:04:24','2026-01-25 14:04:31','2026-01-25 14:04:39','2026-01-25 14:04:41',0.00,0,'2026-01-25 14:04:24','2026-01-25 14:04:41',NULL),(11,'ORD-20260125220444371F6D',2,4,'京A88888',3,'2026-01-25 14:04:44','2026-01-25 14:04:47','2026-01-25 14:04:48','2026-01-25 14:04:49',0.00,0,'2026-01-25 14:04:44','2026-01-25 14:04:49',NULL),(12,'ORD-20260125220853E91A5E',2,5,'京A88888',3,'2026-01-25 14:08:54','2026-01-25 14:08:56','2026-01-25 14:10:31','2026-01-25 14:10:32',0.00,0,'2026-01-25 14:08:54','2026-01-25 14:10:32',NULL),(13,'ORD-20260125220859940E7C',2,6,'京A88888',3,'2026-01-25 14:08:59','2026-01-25 14:09:05','2026-01-25 14:10:34','2026-01-25 14:10:34',0.00,0,'2026-01-25 14:08:59','2026-01-25 14:10:34',NULL),(14,'ORD-202601252209086EABC3',2,7,'京A88888',3,'2026-01-25 14:09:09','2026-01-25 14:09:11','2026-01-25 14:10:35','2026-01-25 14:10:35',0.00,0,'2026-01-25 14:09:09','2026-01-25 14:10:35',NULL),(15,'ORD-202601252212561D7C67',2,4,'京A88888',3,'2026-01-25 14:12:56','2026-01-25 14:13:01','2026-01-25 14:13:03','2026-01-25 14:13:04',0.00,0,'2026-01-25 14:12:56','2026-01-25 14:13:04',NULL),(16,'ORD-202601252212580F4338',2,5,'京A88888',3,'2026-01-25 14:12:58','2026-01-25 14:13:01','2026-01-25 14:13:04','2026-01-25 14:13:05',0.00,0,'2026-01-25 14:12:58','2026-01-25 14:13:05',NULL),(19,'ORD-20260125222224180A83',2,3,'京A88888',3,'2026-01-25 14:22:25','2026-01-25 14:22:32','2026-01-25 14:22:36','2026-01-25 14:22:37',0.00,0,'2026-01-25 14:22:25','2026-01-25 14:22:37',NULL),(20,'ORD-20260125223233D23920',2,5,'京A88888',3,'2026-01-25 14:32:33','2026-01-25 14:32:41','2026-01-25 14:32:42','2026-01-25 14:32:44',0.00,0,'2026-01-25 14:32:33','2026-01-25 14:32:44',NULL),(21,'ORD-20260125223245726E95',2,5,'京A88888',3,'2026-01-25 14:32:46','2026-01-25 14:32:49','2026-01-25 14:32:50','2026-01-25 14:32:51',0.00,0,'2026-01-25 14:32:46','2026-01-25 14:32:51',NULL),(22,'ORD-202601252246081E9B6E',2,4,'京A88888',3,'2026-01-25 14:46:09','2026-01-25 14:46:12','2026-01-25 14:48:59','2026-01-25 14:49:00',0.00,0,'2026-01-25 14:46:09','2026-01-25 14:49:00',NULL),(23,'ORD-20260125225501E5B2CA',2,4,'京A88888',3,'2026-01-25 14:55:02','2026-01-25 14:55:06','2026-01-25 14:55:36','2026-01-25 14:55:37',0.00,0,'2026-01-25 14:55:02','2026-01-25 14:55:37',NULL),(24,'ORD-20260125225545602EC5',2,4,'京A88888',3,'2026-01-25 14:55:46','2026-01-25 14:55:51','2026-01-25 14:56:40','2026-01-25 14:56:41',0.00,0,'2026-01-25 14:55:46','2026-01-25 14:56:41',NULL),(25,'ORD-202601252257220AAA42',2,4,'京A88888',3,'2026-01-25 14:57:23','2026-01-25 14:57:28','2026-01-25 15:05:43','2026-01-25 15:05:44',45.00,0,'2026-01-25 14:57:23','2026-01-25 15:05:44',NULL),(26,'ORD-202601252306495D561E',2,5,'京A88888',3,'2026-01-25 15:06:50','2026-01-25 15:07:08','2026-01-25 15:07:09','2026-01-25 15:07:10',0.00,0,'2026-01-25 15:06:50','2026-01-25 15:07:10',NULL),(27,'ORD-20260125230712133018',2,4,'京A88888',3,'2026-01-25 15:07:12','2026-01-25 15:08:25','2026-01-25 15:11:36','2026-01-25 15:11:41',45.00,0,'2026-01-25 15:07:12','2026-01-25 15:11:41',NULL),(28,'ORD-20260125230715D64D40',2,5,'赣B9999',3,'2026-01-25 15:07:16','2026-01-25 15:08:24','2026-01-25 15:11:45','2026-01-25 15:12:12',45.00,0,'2026-01-25 15:07:16','2026-01-25 15:12:12',NULL),(29,'ORD-202601252308568AA0E8',2,6,'豫H9999',5,'2026-01-25 15:08:56','2026-01-25 15:09:04','2026-01-25 15:11:42','2026-01-25 15:11:44',45.00,0,'2026-01-25 15:08:56','2026-01-25 18:45:01',NULL),(30,'ORD-20260125231215E14122',2,4,'京A88888',3,'2026-01-25 15:12:16','2026-01-25 15:12:17','2026-01-25 15:12:28','2026-01-25 15:12:57',0.00,0,'2026-01-25 15:12:16','2026-01-25 15:12:57',NULL),(31,'ORD-20260125231221943746',2,5,'赣B9999',3,'2026-01-25 15:12:21','2026-01-25 15:12:23','2026-01-25 15:12:55','2026-01-25 15:12:59',0.00,0,'2026-01-25 15:12:21','2026-01-25 15:12:59',NULL),(32,'ORD-20260125231506199426',2,5,'京A88888',3,'2026-01-25 15:15:07','2026-01-25 15:16:06','2026-01-25 15:16:24','2026-01-25 15:16:25',0.00,0,'2026-01-25 15:15:07','2026-01-25 15:16:25',NULL),(33,'ORD-20260125231509690CFA',2,4,'赣B9999',3,'2026-01-25 15:15:10','2026-01-25 15:15:20','2026-01-25 15:16:17','2026-01-25 15:16:20',0.00,0,'2026-01-25 15:15:10','2026-01-25 15:16:20',NULL),(34,'ORD-2026012523155032B49F',2,6,'豫H9999',3,'2026-01-25 15:15:50','2026-01-25 15:15:55','2026-01-25 15:17:28','2026-01-25 15:17:29',45.00,0,'2026-01-25 15:15:50','2026-01-25 15:17:29',NULL),(35,'ORD-20260125231628F0E15D',2,7,'京A88888',3,'2026-01-25 15:16:29','2026-01-25 15:17:33','2026-01-25 15:17:34','2026-01-25 15:17:37',0.00,0,'2026-01-25 15:16:29','2026-01-25 15:17:37',NULL),(36,'ORD-2026012523173937CAB6',2,7,'京A88888',3,'2026-01-25 15:17:39','2026-01-25 15:17:55','2026-01-25 15:17:56','2026-01-25 15:17:57',0.00,0,'2026-01-25 15:17:39','2026-01-25 15:17:57',NULL),(37,'ORD-202601252318009D25B9',2,4,'京A88888',3,'2026-01-25 15:18:00','2026-01-25 15:18:26','2026-01-25 15:19:08','2026-01-25 15:19:09',0.00,0,'2026-01-25 15:18:00','2026-01-25 15:19:09',NULL),(38,'ORD-202601252318032DC40E',2,5,'赣B9999',3,'2026-01-25 15:18:03','2026-01-25 15:18:30','2026-01-25 15:19:10','2026-01-25 15:19:11',0.00,0,'2026-01-25 15:18:03','2026-01-25 15:19:11',NULL),(39,'ORD-202601252318070E5790',2,6,'豫H9999',3,'2026-01-25 15:18:08','2026-01-25 15:18:35','2026-01-25 15:19:12','2026-01-25 15:19:13',0.00,0,'2026-01-25 15:18:08','2026-01-25 15:19:13',NULL),(40,'ORD-202601260025540D49F1',2,4,'京A88888',5,'2026-01-25 16:25:54','2026-01-25 16:26:20','2026-01-25 16:38:27','2026-01-25 16:44:17',45.00,0,'2026-01-25 16:25:54','2026-01-25 18:40:33',NULL),(41,'ORD-20260126010254A14CF2',2,35,'京A88888',4,'2026-01-25 17:02:55',NULL,NULL,NULL,0.00,NULL,'2026-01-25 17:02:55','2026-01-25 17:03:20',NULL),(42,'ORD-2026012601025940ED14',2,34,'赣B9999',4,'2026-01-25 17:03:00',NULL,NULL,NULL,0.00,NULL,'2026-01-25 17:03:00','2026-01-25 17:03:22',NULL),(43,'ORD-202601260118216FEC3E',2,5,'京A88888',3,'2026-01-25 16:18:25',NULL,'2026-01-25 17:18:38','2026-01-25 17:19:03',5.00,0,'2026-01-25 17:18:22','2026-01-25 17:19:03',NULL),(44,'ORD-20260126012624D86AFA',2,5,'京A88888',3,'2026-01-25 17:26:25','2026-01-25 17:28:19','2026-01-24 16:28:43','2026-01-25 17:30:15',0.00,0,'2026-01-25 17:26:25','2026-01-25 17:30:15',NULL),(45,'ORD-202601260145580077B6',2,5,'京A88888',3,'2026-01-25 17:45:58','2026-01-25 17:46:08','2026-01-25 17:46:11','2026-01-25 17:46:12',0.00,0,'2026-01-25 17:45:58','2026-01-25 17:46:12',NULL),(46,'ORD-20260126014614FE395F',2,5,'京A88888',3,'2026-01-25 17:46:15','2026-01-25 17:46:17','2026-01-25 17:46:19','2026-01-25 17:46:20',0.00,0,'2026-01-25 17:46:15','2026-01-25 17:46:20',NULL),(47,'ORD-20260126025302D49FF8',2,5,'京A88888',3,'2026-01-25 18:53:02','2026-01-25 18:53:32','2026-01-25 19:01:05','2026-01-25 19:01:05',54.00,0,'2026-01-25 18:53:02','2026-01-25 19:01:05',NULL),(48,'ORD-2026012603012183CC40',2,4,'京A88888',3,'2026-01-25 19:01:22','2026-01-25 19:01:23','2026-01-25 19:01:23','2026-01-25 19:01:23',0.00,0,'2026-01-25 19:01:22','2026-01-25 19:01:23',NULL),(49,'ORD-2026012603122318EC71',2,4,'京A88888',3,'2026-01-25 19:12:24','2026-01-25 19:12:27','2026-01-25 19:12:29','2026-01-25 19:12:29',0.00,0,'2026-01-25 19:12:24','2026-01-25 19:12:29',NULL),(50,'ORD-202601260312327780A3',2,4,'京A88888',3,'2026-01-25 19:12:32','2026-01-25 19:12:34','2026-01-25 19:12:41','2026-01-25 19:12:41',0.00,0,'2026-01-25 19:12:32','2026-01-25 19:12:41',NULL),(51,'ORD-20260126031259787D9A',2,5,'京A88888',3,'2026-01-25 19:12:59','2026-01-25 19:13:00','2026-01-25 19:13:01','2026-01-25 19:13:01',0.00,0,'2026-01-25 19:12:59','2026-01-25 19:13:01',NULL),(52,'ORD-20260126031307068D17',2,5,'京A88888',3,'2026-01-25 19:13:07','2026-01-25 19:13:08','2026-01-25 19:16:38','2026-01-25 19:16:38',54.00,0,'2026-01-25 19:13:07','2026-01-25 19:16:38',NULL),(53,'ORD-20260126031716EAD117',2,5,'京A88888',3,'2026-01-25 19:17:16','2026-01-25 19:17:18','2026-01-25 19:17:18','2026-01-25 19:17:20',0.00,0,'2026-01-25 19:17:16','2026-01-25 19:17:20',NULL),(54,'ORD-202601260320229F2197',2,5,'京A88888',3,'2026-01-25 19:20:22','2026-01-25 19:20:33','2026-01-25 19:20:34','2026-01-25 19:20:35',0.00,0,'2026-01-25 19:20:22','2026-01-25 19:20:35',NULL),(55,'ORD-20260126032730B502F1',2,4,'京A88888',3,'2026-01-25 19:27:30','2026-01-25 19:27:33','2026-01-25 19:27:34','2026-01-25 19:27:34',0.00,0,'2026-01-25 19:27:30','2026-01-25 19:27:34',NULL),(56,'ORD-202601260327431C3FCB',2,5,'京A88888',3,'2026-01-25 19:27:44','2026-01-25 19:27:45','2026-01-25 19:27:46','2026-01-25 19:27:47',0.00,0,'2026-01-25 19:27:44','2026-01-25 19:27:47',NULL),(57,'ORD-20260126034146D70369',2,6,'赣B9999',3,'2026-01-25 19:41:47','2026-01-25 19:46:51','2026-01-25 19:47:02','2026-01-25 19:48:18',0.00,0,'2026-01-25 19:41:47','2026-01-25 19:48:18',NULL),(58,'ORD-20260126034821DD1AB8',2,6,'京A88888',5,'2026-01-25 19:48:22','2026-01-25 19:48:27','2026-01-25 19:56:55','2026-01-25 19:56:58',45.00,0,'2026-01-25 19:48:22','2026-01-26 09:30:24',NULL),(59,'ORD-2026012617215033226F',2,2,'京A88888',4,'2026-01-26 09:21:50',NULL,NULL,NULL,0.00,NULL,'2026-01-26 09:21:50','2026-01-26 09:31:09',NULL),(60,'ORD-202601261731141ABB0B',2,2,'京A88888',3,'2026-01-26 09:31:15','2026-01-26 09:31:20','2026-01-26 09:42:00','2026-01-26 09:42:02',45.00,0,'2026-01-26 09:31:15','2026-01-26 09:42:02',NULL),(61,'ORD-2026012617595680A4FB',2,4,'京A88888',3,'2026-01-26 09:59:57','2026-01-26 10:00:00','2026-01-26 10:00:21','2026-01-26 10:00:23',0.00,0,'2026-01-26 09:59:57','2026-01-26 10:00:23',NULL),(62,'ORD-20260126180540EC3A94',2,5,'京A88888',3,'2026-01-26 10:05:41','2026-01-26 10:05:47','2026-01-26 10:08:50','2026-01-26 10:08:53',45.00,0,'2026-01-26 10:05:41','2026-01-26 10:08:53',NULL),(63,'ORD-20260126180922A3153B',2,5,'京A88888',3,'2026-01-26 10:09:22','2026-01-26 10:09:23','2026-01-26 10:11:26','2026-01-26 10:11:27',4.25,0,'2026-01-26 10:09:22','2026-01-26 10:11:27',NULL),(65,'ORD-2026012621001259FAB3',9,1,'京A66666',3,'2026-01-26 13:00:12','2026-01-26 13:00:12','2026-01-26 13:00:14','2026-01-26 13:00:14',4.25,0,'2026-01-26 13:00:12','2026-01-26 13:00:14',NULL),(66,'ORD-20260127121635E71274',2,33,'京A88888',3,'2026-01-27 04:16:35','2026-01-27 04:16:39','2026-01-27 09:01:09','2026-01-27 09:01:16',45.00,0,'2026-01-27 04:16:35','2026-01-27 09:01:16',NULL),(67,'ORD-2026012717264724FA02',2,34,'京A88888',3,'2026-01-27 09:26:47','2026-01-27 09:26:49','2026-01-27 10:28:13','2026-01-27 10:28:14',18.00,0,'2026-01-27 09:26:47','2026-01-27 10:28:14',NULL),(68,'ORD-2026012717313509EB2B',2,5,'赣B9999',3,'2026-01-27 09:31:36','2026-01-27 09:31:38','2026-01-27 09:31:46','2026-01-27 09:31:51',0.00,0,'2026-01-27 09:31:36','2026-01-27 09:31:51',NULL),(69,'ORD-2026012717315762E34D',2,5,'赣B9999',3,'2026-01-27 09:31:57','2026-01-27 09:31:59','2026-01-27 09:32:00','2026-01-27 09:35:21',0.00,0,'2026-01-27 09:31:57','2026-01-27 09:35:21',NULL),(70,'ORD-202601271735283EB88F',2,5,'赣B9999',3,'2026-01-27 09:35:28','2026-01-27 09:35:30','2026-01-27 09:35:31','2026-01-27 09:43:24',0.00,0,'2026-01-27 09:35:28','2026-01-27 09:43:24',NULL),(71,'ORD-202601271743281D7444',2,5,'赣B9999',3,'2026-01-27 09:43:28','2026-01-27 09:43:33','2026-01-27 09:43:35','2026-01-27 09:43:43',0.00,0,'2026-01-27 09:43:28','2026-01-27 09:43:43',NULL),(72,'ORD-202601271743482B2BD3',2,5,'赣B9999',3,'2026-01-27 09:43:48','2026-01-27 09:51:02','2026-01-27 09:51:04','2026-01-27 09:51:05',0.00,0,'2026-01-27 09:43:48','2026-01-27 09:51:05',NULL),(73,'ORD-20260127174353A46B78',2,4,'豫J09876',3,'2026-01-27 09:43:53','2026-01-27 09:51:00','2026-01-27 09:51:08','2026-01-27 09:51:09',0.00,0,'2026-01-27 09:43:53','2026-01-27 09:51:09',NULL),(74,'ORD-20260127175116688634',2,5,'赣B9999',3,'2026-01-27 09:51:17','2026-01-27 09:51:24','2026-01-27 09:51:26','2026-01-27 10:28:04',0.00,0,'2026-01-27 09:51:17','2026-01-27 10:28:04',NULL),(75,'ORD-20260127182820BECA5E',2,4,'京A88888',3,'2026-01-27 10:28:21','2026-01-27 10:28:22','2026-01-27 10:35:47','2026-01-27 10:44:03',0.00,0,'2026-01-27 10:28:21','2026-01-27 10:44:03',NULL),(76,'ORD-202601271831567EA74F',2,5,'赣B9999',3,'2026-01-27 10:31:57','2026-01-27 10:32:00','2026-01-27 10:32:01','2026-01-27 10:34:58',0.00,0,'2026-01-27 10:31:57','2026-01-27 10:34:58',NULL),(77,'ORD-20260127183204FB3D94',2,6,'豫J09876',3,'2026-01-27 10:32:05','2026-01-27 10:32:08','2026-01-27 10:32:08','2026-01-27 10:32:10',0.00,0,'2026-01-27 10:32:05','2026-01-27 10:32:10',NULL),(78,'ORD-20260127184845ED1614',2,4,'京A88888',3,'2026-01-27 10:48:45','2026-01-27 10:48:47','2026-01-27 10:48:48','2026-01-27 10:49:51',0.00,0,'2026-01-27 10:48:45','2026-01-27 10:49:51',NULL),(79,'ORD-20260128014136C05175',2,5,'京A88888',3,'2026-01-27 17:41:37','2026-01-27 17:41:38','2026-01-27 17:41:39','2026-01-27 18:21:12',0.00,1,'2026-01-27 17:41:37','2026-01-27 18:21:12',NULL),(80,'ORD-202601280223555D6598',2,4,'赣B9999',3,'2026-01-27 18:23:56','2026-01-27 18:23:58','2026-01-27 18:24:06','2026-01-27 18:24:31',4.50,1,'2026-01-27 18:23:56','2026-01-27 18:24:31',NULL),(81,'ORD-20260128022438C45D97',2,4,'京A88888',5,'2026-01-27 18:24:39','2026-01-27 18:24:41','2026-01-27 18:24:43','2026-01-27 18:25:04',4.50,1,'2026-01-27 18:24:39','2026-01-27 18:51:19',NULL),(82,'ORD-202601280227315F2D64',2,4,'京A88888',5,'2026-01-27 18:27:32','2026-01-27 18:27:34','2026-01-27 18:27:39','2026-01-27 18:28:01',4.50,1,'2026-01-27 18:27:32','2026-01-27 18:42:32',NULL),(83,'ORD-202601280234309DBBE5',2,4,'京A88888',5,'2026-01-27 18:34:31','2026-01-27 18:34:32','2026-01-27 18:34:33','2026-01-27 18:35:01',4.50,1,'2026-01-27 18:34:31','2026-01-27 18:42:18',NULL),(84,'ORD-202601280240128E9704',2,4,'京A88888',5,'2026-01-27 18:40:12','2026-01-27 18:40:14','2026-01-27 18:40:15','2026-01-27 18:40:42',4.50,1,'2026-01-27 18:40:12','2026-01-27 18:41:58',NULL),(85,'ORD-2026012802515912DDED',2,5,'京A88888',5,'2026-01-27 18:51:59','2026-01-27 18:52:01','2026-01-27 18:52:02','2026-01-27 18:52:28',4.50,2,'2026-01-27 18:51:59','2026-01-27 18:53:07',NULL),(86,'ORD-202601280254524E3FC3',2,4,'京A88888',3,'2026-01-27 18:54:52','2026-01-27 18:54:53','2026-01-27 18:54:54','2026-01-27 18:55:15',4.50,2,'2026-01-27 18:54:52','2026-01-27 18:55:15',NULL),(87,'ORD-20260128025946D95870',2,5,'京A88888',5,'2026-01-27 18:59:46','2026-01-27 18:59:48','2026-01-27 18:59:49','2026-01-27 19:00:14',4.50,2,'2026-01-27 18:59:46','2026-01-27 19:06:00','2026012822001416370508122691'),(88,'ORD-20260128030704A80FB8',2,5,'京A88888',5,'2026-01-27 19:07:04','2026-01-27 19:07:06','2026-01-27 19:07:06','2026-01-27 19:07:21',4.50,2,'2026-01-27 19:07:04','2026-01-27 19:10:00','2026012822001416370508132042'),(89,'ORD-20260128031950B783ED',2,4,'京A88888',3,'2026-01-27 19:19:51','2026-01-27 19:19:52','2026-01-27 19:19:53','2026-01-27 19:19:57',4.50,0,'2026-01-27 19:19:51','2026-01-27 19:19:57',NULL),(90,'ORD-202601280321327AE82D',2,5,'京A88888',3,'2026-01-27 19:21:32','2026-01-27 19:21:34','2026-01-27 19:21:34','2026-01-27 19:21:36',4.50,0,'2026-01-27 19:21:32','2026-01-27 19:21:36',NULL),(91,'ORD-202601282348111741A6',2,4,'京A88888',3,'2026-01-28 15:48:12','2026-01-28 15:48:13','2026-01-28 15:48:17','2026-01-28 15:48:35',4.50,2,'2026-01-28 15:48:12','2026-01-28 15:48:35','2026012822001416370508142058'),(92,'ORD-20260128235326DC4B75',2,4,'京A88888',3,'2026-01-28 15:53:27','2026-01-28 15:53:28','2026-01-28 15:53:29','2026-01-28 15:53:34',4.50,0,'2026-01-28 15:53:27','2026-01-28 15:53:34',NULL),(93,'ORD-20260128235931D9839A',2,5,'京A88888',3,'2026-01-28 15:59:31','2026-01-28 15:59:33','2026-01-28 15:59:33','2026-01-28 15:59:36',0.00,0,'2026-01-28 15:59:31','2026-01-28 15:59:36',NULL),(94,'ORD-20260129173303C69AD6',2,2,'京A88888',3,'2026-01-29 09:33:04','2026-01-29 09:33:06','2026-01-29 09:33:07','2026-01-29 09:38:48',4.50,2,'2026-01-29 09:33:04','2026-01-29 09:38:48','MOCK_20260129173847'),(95,'ORD-2026012917443252663C',2,5,'京A88888',3,'2026-01-29 09:44:33','2026-01-29 09:44:34','2026-01-29 09:44:35','2026-01-29 09:48:26',4.50,2,'2026-01-29 09:44:33','2026-01-29 09:48:26','MOCK_20260129174825'),(96,'ORD-2026012917502818A8F7',2,4,'京A88888',3,'2026-01-29 09:50:28','2026-01-29 09:50:30','2026-01-29 09:50:30','2026-01-29 09:51:08',4.50,2,'2026-01-29 09:50:28','2026-01-29 09:51:08','2026012922001416370508140148'),(97,'ORD-202601291753266F3528',2,13,'京A88888',3,'2026-01-29 09:53:26','2026-01-29 09:53:28','2026-01-29 09:53:29','2026-01-29 09:53:41',0.00,0,'2026-01-29 09:53:26','2026-01-29 09:53:41',NULL),(98,'ORD-202601291759103E1803',2,5,'京A88888',3,'2026-01-29 09:59:10','2026-01-29 09:59:12','2026-01-29 09:59:13','2026-01-29 09:59:16',0.00,0,'2026-01-29 09:59:10','2026-01-29 09:59:16',NULL);
/*!40000 ALTER TABLE `parking_order` ENABLE KEYS */;
UNLOCK TABLES;

--
-- Table structure for table `parking_spot`
--

DROP TABLE IF EXISTS `parking_spot`;
/*!40101 SET @saved_cs_client     = @@character_set_client */;
/*!50503 SET character_set_client = utf8mb4 */;
CREATE TABLE `parking_spot` (
  `spot_id` int NOT NULL AUTO_INCREMENT,
  `spot_no` varchar(20) COLLATE utf8mb4_unicode_ci NOT NULL COMMENT '车位编号，如A-001',
  `zone_id` int NOT NULL,
  `status` int DEFAULT NULL COMMENT '0-空闲, 1-占用, 2-已预约',
  `current_plate` varchar(20) COLLATE utf8mb4_unicode_ci DEFAULT NULL COMMENT '当前停放车牌',
  `updated_at` datetime DEFAULT NULL,
  PRIMARY KEY (`spot_id`),
  KEY `zone_id` (`zone_id`),
  CONSTRAINT `parking_spot_ibfk_1` FOREIGN KEY (`zone_id`) REFERENCES `parking_zone` (`zone_id`) ON DELETE CASCADE
) ENGINE=InnoDB AUTO_INCREMENT=46 DEFAULT CHARSET=utf8mb4 COLLATE=utf8mb4_unicode_ci;
/*!40101 SET character_set_client = @saved_cs_client */;

--
-- Dumping data for table `parking_spot`
--

LOCK TABLES `parking_spot` WRITE;
/*!40000 ALTER TABLE `parking_spot` DISABLE KEYS */;
INSERT INTO `parking_spot` VALUES (1,'A-001',1,0,NULL,'2026-01-26 13:00:14'),(2,'A-002',1,0,NULL,'2026-01-29 09:33:07'),(3,'A-003',1,0,NULL,'2026-01-25 14:22:36'),(4,'A-004',1,0,NULL,'2026-01-29 09:50:30'),(5,'A-005',1,0,NULL,'2026-01-29 09:59:13'),(6,'A-006',1,0,NULL,'2026-01-27 10:32:09'),(7,'A-007',1,0,NULL,'2026-01-25 15:17:56'),(8,'A-008',1,0,NULL,'2026-01-22 16:08:17'),(9,'A-009',1,0,NULL,'2026-01-22 16:08:17'),(10,'A-010',1,0,NULL,'2026-01-22 16:08:17'),(11,'A-011',1,0,NULL,'2026-01-26 09:18:37'),(12,'A-012',1,0,NULL,'2026-01-22 16:08:17'),(13,'A-013',1,0,NULL,'2026-01-29 09:53:29'),(14,'A-014',1,0,NULL,'2026-01-22 16:08:17'),(15,'A-015',1,0,NULL,'2026-01-22 16:08:17'),(16,'B-001',2,0,NULL,'2026-01-22 16:08:17'),(17,'B-002',2,0,NULL,'2026-01-22 16:08:17'),(18,'B-003',2,0,NULL,'2026-01-22 16:08:17'),(19,'B-004',2,0,NULL,'2026-01-22 16:08:17'),(20,'B-005',2,0,NULL,'2026-01-22 16:08:17'),(21,'B-006',2,0,NULL,'2026-01-22 16:08:17'),(22,'B-007',2,0,NULL,'2026-01-22 16:08:17'),(23,'B-008',2,0,NULL,'2026-01-22 16:08:17'),(24,'B-009',2,0,NULL,'2026-01-22 16:08:17'),(25,'B-010',2,0,NULL,'2026-01-22 16:08:17'),(26,'B-011',2,0,NULL,'2026-01-22 16:08:17'),(27,'B-012',2,0,NULL,'2026-01-22 16:08:17'),(28,'B-013',2,0,NULL,'2026-01-22 16:08:17'),(29,'B-014',2,0,NULL,'2026-01-26 09:41:49'),(30,'B-015',2,0,NULL,'2026-01-22 16:08:17'),(31,'C-001',3,0,NULL,'2026-01-22 16:08:17'),(32,'C-002',3,0,NULL,'2026-01-22 16:08:17'),(33,'C-003',3,0,NULL,'2026-01-27 09:01:09'),(34,'C-004',3,0,NULL,'2026-01-27 10:28:14'),(35,'C-005',3,0,NULL,'2026-01-22 16:08:17'),(36,'C-006',3,0,NULL,'2026-01-22 16:08:17'),(37,'C-007',3,0,NULL,'2026-01-22 16:08:17'),(38,'C-008',3,0,NULL,'2026-01-22 16:08:17'),(39,'C-009',3,0,NULL,'2026-01-22 16:08:17'),(40,'C-010',3,0,NULL,'2026-01-22 16:08:17'),(41,'C-011',3,0,NULL,'2026-01-22 16:08:17'),(42,'C-012',3,0,NULL,'2026-01-22 16:08:17'),(43,'C-013',3,0,NULL,'2026-01-22 16:08:17'),(44,'C-014',3,0,NULL,'2026-01-22 16:08:17'),(45,'C-015',3,0,NULL,'2026-01-22 16:08:17');
/*!40000 ALTER TABLE `parking_spot` ENABLE KEYS */;
UNLOCK TABLES;

--
-- Table structure for table `parking_zone`
--

DROP TABLE IF EXISTS `parking_zone`;
/*!40101 SET @saved_cs_client     = @@character_set_client */;
/*!50503 SET character_set_client = utf8mb4 */;
CREATE TABLE `parking_zone` (
  `zone_id` int NOT NULL AUTO_INCREMENT,
  `zone_name` varchar(100) COLLATE utf8mb4_unicode_ci NOT NULL COMMENT '区域名称，如A区-教学楼',
  `map_file_path` varchar(255) COLLATE utf8mb4_unicode_ci DEFAULT NULL COMMENT '地图资源路径',
  `fee_rate` decimal(10,2) DEFAULT NULL COMMENT '每小时费率',
  `free_time` int DEFAULT NULL COMMENT '免费时长(分钟)',
  `created_at` datetime DEFAULT NULL,
  PRIMARY KEY (`zone_id`)
) ENGINE=InnoDB AUTO_INCREMENT=4 DEFAULT CHARSET=utf8mb4 COLLATE=utf8mb4_unicode_ci;
/*!40101 SET character_set_client = @saved_cs_client */;

--
-- Dumping data for table `parking_zone`
--

LOCK TABLES `parking_zone` WRITE;
/*!40000 ALTER TABLE `parking_zone` DISABLE KEYS */;
INSERT INTO `parking_zone` VALUES (1,'A区(教学楼)',NULL,5.00,20,'2026-01-22 16:08:17'),(2,'B区(宿舍)',NULL,3.00,30,'2026-01-22 16:08:17'),(3,'C区(访客)',NULL,10.00,30,'2026-01-22 16:08:17');
/*!40000 ALTER TABLE `parking_zone` ENABLE KEYS */;
UNLOCK TABLES;

--
-- Table structure for table `sys_config`
--

DROP TABLE IF EXISTS `sys_config`;
/*!40101 SET @saved_cs_client     = @@character_set_client */;
/*!50503 SET character_set_client = utf8mb4 */;
CREATE TABLE `sys_config` (
  `id` int NOT NULL AUTO_INCREMENT,
  `config_key` varchar(100) COLLATE utf8mb4_unicode_ci NOT NULL COMMENT '配置键名',
  `config_value` varchar(255) COLLATE utf8mb4_unicode_ci NOT NULL COMMENT '配置内容',
  `config_desc` varchar(255) COLLATE utf8mb4_unicode_ci DEFAULT NULL COMMENT '配置描述',
  PRIMARY KEY (`id`),
  UNIQUE KEY `config_key` (`config_key`)
) ENGINE=InnoDB AUTO_INCREMENT=15 DEFAULT CHARSET=utf8mb4 COLLATE=utf8mb4_unicode_ci;
/*!40101 SET character_set_client = @saved_cs_client */;

--
-- Dumping data for table `sys_config`
--

LOCK TABLES `sys_config` WRITE;
/*!40000 ALTER TABLE `sys_config` DISABLE KEYS */;
INSERT INTO `sys_config` VALUES (1,'MIN_CREDIT_SCORE','60',NULL),(2,'PERFECT_CREDIT_SCORE','100',NULL),(3,'GOOD_CREDIT_SCORE','80',NULL),(4,'ROLE_DISCOUNT','{\"0\": 1, \"1\": 0.9, \"2\": 0.8}',NULL),(5,'VIOLATION_FEE','5',NULL),(6,'RESERVATION_TIMEOUT_MINUTES','90',NULL),(7,'FEE_MULTIPLIER','1',NULL),(8,'PAYMENT_TIMEOUT_HOURS','24',NULL),(9,'CREDIT_PENALTY_TIMEOUT','30',NULL),(10,'CREDIT_PENALTY_DELAY','10',NULL);
/*!40000 ALTER TABLE `sys_config` ENABLE KEYS */;
UNLOCK TABLES;

--
-- Table structure for table `sys_user`
--

DROP TABLE IF EXISTS `sys_user`;
/*!40101 SET @saved_cs_client     = @@character_set_client */;
/*!50503 SET character_set_client = utf8mb4 */;
CREATE TABLE `sys_user` (
  `user_id` int NOT NULL AUTO_INCREMENT,
  `user_no` varchar(50) COLLATE utf8mb4_unicode_ci NOT NULL COMMENT '学号/工号',
  `username` varchar(100) COLLATE utf8mb4_unicode_ci NOT NULL COMMENT '用户名',
  `password` varchar(255) COLLATE utf8mb4_unicode_ci NOT NULL COMMENT '密码hash',
  `role` int DEFAULT NULL COMMENT '0-外部用户, 1-学生, 2-教职工, 3-管理员',
  `balance` decimal(10,2) DEFAULT NULL COMMENT '余额',
  `credit_score` int DEFAULT NULL COMMENT '信用分',
  `is_active` tinyint(1) DEFAULT NULL COMMENT '账号状态',
  `created_at` datetime DEFAULT NULL,
  `updated_at` datetime DEFAULT NULL,
  PRIMARY KEY (`user_id`),
  UNIQUE KEY `user_no` (`user_no`)
) ENGINE=InnoDB AUTO_INCREMENT=10 DEFAULT CHARSET=utf8mb4 COLLATE=utf8mb4_unicode_ci;
/*!40101 SET character_set_client = @saved_cs_client */;

--
-- Dumping data for table `sys_user`
--

LOCK TABLES `sys_user` WRITE;
/*!40000 ALTER TABLE `sys_user` DISABLE KEYS */;
INSERT INTO `sys_user` VALUES (1,'admin','系统管理员','scrypt:32768:8:1$PVgLbMKuYnM4F7hV$23313b5e0920a91789424705767c208b2b9060c093be222ba7ea44fba9c43834be539cb307961cccfddbc125c99e87f17754875922c38b0343912f3fb06f4315',3,10000.00,100,1,'2026-01-22 16:08:17','2026-01-25 16:13:08'),(2,'2021001','李同学','scrypt:32768:8:1$7BXQDKHRUxXr4gke$a9d2815549a52c7a952337dfb0328430b3e65d69fd69dc578efedf04a27deeefc6a0922d950edcc1a11adb7a27dfc1bfedacf8ef62e2cb64c1bdc6fbc7ce678f',1,100194.25,85,1,'2026-01-22 16:08:17','2026-01-28 15:53:34'),(3,'T2021001','王老师','scrypt:32768:8:1$jEGq3TMwE6HTGCnh$a0fa520674361cdfe70e1c3856665a03a11df9817677ae3c6c5cbea95cb8f8efbd4af617007e7af218ba1d2063c00cc57af89e374434ac35e4da4f223074e4fa',2,500.00,100,1,'2026-01-22 16:08:17','2026-01-22 16:08:17'),(4,'guest','访客用户','scrypt:32768:8:1$LgHo9FdDyS8jRyxx$34c4476d073da925affe43ba73ff0513a0fae186f396be17e6efe9928b2c4fc28a646199304d8cbf46cd98bcd334472c510a7a43f75e75e673273052ca8ba151',0,0.00,100,1,'2026-01-22 16:08:17','2026-01-22 16:08:17'),(5,'2898772','阿克尚','scrypt:32768:8:1$qfKyYZinW0Ilcco8$388e36858fcffa97c98b191f8750c8bea7e315022bd7d2c41ec24048343b3b0d58988d787ac06b1622c5e12bc9323ffc150382d4ce9624ff94301cc0fa24c1a0',1,0.00,100,1,'2026-01-25 19:36:45','2026-01-26 09:11:38'),(9,'20230002','李四','scrypt:32768:8:1$URUL8QUKIcrkHThO$582932429e049bfc0e71c93aecd70e145dbf28c2dd32cf5b83df27643367f6ae7af72e1d7eecf8c05472fd7f12aae7103e57d043694740479af167c30f5aaefb',1,495.75,100,1,'2026-01-26 12:24:30','2026-01-26 13:00:14');
/*!40000 ALTER TABLE `sys_user` ENABLE KEYS */;
UNLOCK TABLES;
SET @@SESSION.SQL_LOG_BIN = @MYSQLDUMP_TEMP_LOG_BIN;
/*!40103 SET TIME_ZONE=@OLD_TIME_ZONE */;

/*!40101 SET SQL_MODE=@OLD_SQL_MODE */;
/*!40014 SET FOREIGN_KEY_CHECKS=@OLD_FOREIGN_KEY_CHECKS */;
/*!40014 SET UNIQUE_CHECKS=@OLD_UNIQUE_CHECKS */;
/*!40101 SET CHARACTER_SET_CLIENT=@OLD_CHARACTER_SET_CLIENT */;
/*!40101 SET CHARACTER_SET_RESULTS=@OLD_CHARACTER_SET_RESULTS */;
/*!40101 SET COLLATION_CONNECTION=@OLD_COLLATION_CONNECTION */;
/*!40111 SET SQL_NOTES=@OLD_SQL_NOTES */;

-- Dump completed on 2026-01-29 23:44:57
